time,x1,v1
0,0,0
0.02,9.837471481213833e-4,0.09749147522059509
0.04,0.003858139189163612,0.18878235202803784
0.06,0.00848241086793966,0.27220745116771794
0.08,0.01468396896180929,0.3462746119474298
0.1,0.022262230348105927,0.4096838118453383
0.12,0.030992862465986204,0.4613418336704769
0.14,0.04063165602542851,0.500376158456165
0.16,0.05091925797546448,0.5261443032325113
0.18,0.06158611909710435,0.5382385855750407
0.2,0.07235654031442607,0.5364895036615982
0.22,0.08295385802027903,0.5209632350678204
0.24,0.09310513447714182,0.49195637286826877
0.26,0.10254561675959015,0.4499874239049464
0.28,0.11102300730920944,0.3957851196208413
0.3,0.11830156156597513,0.3302738228043838
0.32,0.12416584308244101,0.2545561229977875
0.34,0.1284240940791429,0.16989321942902258
0.36,0.13091118054639822,0.07768318139073305
0.38,0.13149111149751594,-0.02056231133019737
0.4,0.13005905321714264,-0.12324258259525589
0.42,0.1265428705413032,-0.22869342946014992
0.44,0.12090412588926502,-0.3352131656371091
0.46,0.11313858070258398,-0.441088703067708
0.48,0.10327614662308815,-0.5446213643094124
0.5,0.09138036135807087,-0.6441521114045589
0.52,0.07754733835519745,-0.7380857636675352
0.54,0.061904265834708705,-0.8249138965280698
0.56,0.04460744576919945,-0.9032360282058962
0.58,0.025839974461011717,-0.9717792291023892
0.6,0.005808969217691307,-1.0294150942891647
0.62,-0.015257460789458499,-1.0751747172450137
0.64,-0.03711352824669362,-1.1082610559178925
0.66,-0.059499302143990795,-1.128058661831595
0.68,-0.08214441835535224,-1.134140651073961
0.7,-0.10477190061102531,-1.1262728881092192
0.72,-0.12710203194398476,-1.1044153939671015
0.74,-0.14885622722486647,-1.068720994539797
0.76,-0.1697608541826265,-1.0195312699917898
0.78,-0.1895509450419405,-0.9573698912528419
0.8,-0.20797375627197753,-0.8829336399922534
0.82,-0.22479211652846626,-0.7970809895944064
0.84,-0.23978753089282603,-0.7008187225510143
0.86,-0.2527629977611331,-0.5952866818099198
0.88,-0.26354550405373395,-0.4817409287950094
0.9,-0.27198816970509226,-0.36153557247562507
0.92,-0.2779720179008471,-0.23610354635634456
0.94,-0.2814073509234955,-0.10693661788672837
0.96,-0.2822347230193279,0.02443506822730257
0.98,-0.28042550865081983,0.15646363237404326
1,-0.2759820430619176,0.28760401054766555
1.02,-0.26893736627695886,0.4163341043324271
1.04,-0.2593545674784713,0.5411742809107964
1.06,-0.2473257480393944,0.6607059644400927
1.08,-0.23297062379566866,0.7735890828596899
1.1,-0.21643479164200968,0.878578155200987
1.12,-0.1978876871315887,0.9745368121233209
1.14,-0.1775202761705912,1.060450641429679
1.16,-0.15554250120767504,1.1354381505847868
1.18,-0.13218052767463845,1.1987597530643703
1.2,-0.10767383385314554,1.2498247301278966
1.22,-0.08227218137340543,1.2881960918108455
1.24,-0.056232509629848604,1.3135933231411296
1.26,-0.02981579636465463,1.3258930250883059
1.28,-0.003283926189580788,1.3251274884985575
1.3,0.023103390913543458,1.311481239705905
1.32,0.049091616618677704,1.2852857742413768
1.34,0.07443425343257992,1.2470123683283636
1.36,0.09889555545285189,1.1972633071775327
1.38,0.12225304811304374,1.1367616008600903
1.4,0.14429982863994237,1.066339374064546
1.42,0.16484662260757016,0.986925118566566
1.44,0.18372357581309998,0.8995300071817924
1.46,0.2007817637902894,0.8052334743355846
1.48,0.21589440714522773,0.705168280059539
1.5,0.22895779298332397,0.6005052739718798
1.52,0.23989187617114816,0.49243804229195265
1.54,0.24864058365560676,0.3821676865800751
1.56,0.2551718149589832,0.2708879119065401
1.58,0.2594771491833874,0.15977062096093403
1.6,0.26157127046050843,0.049952193656502525
1.62,0.2614911272355198,-0.05747938239247771
1.64,0.25929484222142984,-0.16149637247858234
1.66,0.25506040093801624,-0.261142043303628
1.68,0.24888413476766189,-0.35554016347850015
1.7,0.2408790245740353,-0.4439031478000845
1.72,0.231172858917151,-0.5255388129945376
1.74,0.21990627060423126,-0.5998556716952035
1.76,0.20723068218080712,-0.666366741375212
1.78,0.19330619016705447,-0.7246918614039461
1.8,0.17829941777132607,-0.7745585322730488
1.82,0.16238136569958186,-0.8158012937380155
1.84,0.14572528865566914,-0.8483597724644508
1.86,0.12850462461718035,-0.87227533750016
1.88,0.11089100361023042,-0.8876865578081257
1.9,0.09305235862041006,-0.8948235286596331
1.92,0.07515116038125787,-0.894001180647857
1.94,0.05734279509545466,-0.8856116992921489
1.96,0.039774101546292406,-0.8701161896436928
1.98,0.022582081675971297,-0.8480357260049355
2,0.0058927963233388475,-0.8199419328365393
2.02,-0.01017955432878613,-0.7864472575725582
2.04,-0.025533343141855222,-0.748195044770585
2.06,-0.04008003602234066,-0.7058496009825056
2.08,-0.053744512593879884,-0.6600863688649425
2.1,-0.06646519262397696,-0.6115823507509255
2.12,-0.07819397448662774,-0.5610069094879921
2.14,-0.08889599440724574,-0.5090130649727695
2.16,-0.09854921654947303,-0.4562293984270037
2.18,-0.10714387022340387,-0.4032526481964115
2.2,-0.11468174664865147,-0.3506410809490568
2.22,-0.12117536803874834,-0.29890873254283384
2.24,-0.1266470536282855,-0.24852053820776732
2.26,-0.13112789682339107,-0.19988840931069274
2.28,-0.1346566735303209,-0.1533682772728271
2.3,-0.13727870112177862,-0.10925811378634653
2.32,-0.1390446675361889,-0.06779692179825525
2.34,-0.1400094498663878,-0.02916468755990309
2.36,-0.14023094117884638,0.006516782197028337
2.38,-0.13976890257978597,0.03918211569593
2.4,-0.13868385883172057,0.06881982787556817
2.42,-0.1370360523273688,0.09546903008044427
2.44,-0.13488446973432497,0.11921546774566705
2.46,-0.13228595388086084,0.1401869734202461
2.48,-0.12929441167423783,0.15854842628620863
2.5,-0.12596012706357945,0.1744963138878574
2.52,-0.1223291872699357,0.18825299380890415
2.54,-0.11844302049338942,0.20006076897724184
2.56,-0.11433806071530964,0.21017584735373454
2.58,-0.11004552894518396,0.21886231787773794
2.6,-0.10559133512339691,0.22638622306919776
2.62,-0.10099609679842012,0.2330098241625959
2.64,-0.09627526984624582,0.23898614593046766
2.66,-0.09143938482109931,0.24455388172654374
2.68,-0.08649438141031783,0.24993273406868877
2.7,-0.08144203046619009,0.2553192503270431
2.72,-0.07628043300103127,0.26088320136752524
2.74,-0.07100458852058564,0.2667645763540512
2.76,-0.06560701500952199,0.27307119715631695
2.78,-0.06007841065606792,0.2798769918736559
2.8,-0.054408343424705755,0.2872209379007953
2.82,-0.048585955041631726,0.29510667718570455
2.84,-0.042600666009957516,0.30350279584103523
2.86,-0.03644286828118582,0.3123437559198755
2.88,-0.03010459357443688,0.32153142819724184
2.9,-0.02358014497718553,0.3309372231245641
2.92,-0.016866680096602776,0.3404047589774677
2.94,-0.009964736278866355,0.349753008452758
2.96,-0.0028786884306812068,0.35877987366759373
2.98,0.004382868389103976,0.36726612294340655
3,0.011806818163245393,0.3749796206736319
3.02,0.019375310041826195,0.38167977827914346
3.04,0.027065636440759717,0.38712215302700625
3.06,0.034850199229771714,0.3910631128936334
3.08,0.04269657546072995,0.3932645081543584
3.1,0.05056767236451411,0.3934982589431694
3.12,0.05842197343376196,0.39155079581861374
3.14,0.06621387128914885,0.38722728351088453
3.16,0.07389408231624492,0.38035556383138985
3.18,0.08141013685839456,0.37078975887716514
3.2,0.08870693783685635,0.35841347996867534
3.22,0.09572737905132425,0.34314259707243133
3.24,0.10241301298662844,0.32492754223074066
3.26,0.10870476204655409,0.3037550823904206
3.28,0.11454365822965132,0.2796495710838399
3.3,0.11987160278018724,0.25267364733004605
3.32,0.12463213424940517,0.22292837712794916
3.34,0.1287711938110688,0.19055283812701146
3.36,0.13223787676742052,0.1557231560777394
3.38,0.1349851591425542,0.11865100543254026
3.4,0.1369705897529639,0.07958161295416422
3.42,0.13815693747110142,0.0387912771011647
3.44,0.13851278367398337,-0.0034155587028227297
3.46,0.13801305275490888,-0.0467096223130366
3.48,0.13663947255772887,-0.0907404811093212
3.5,0.13438095838126224,-0.13514050765261026
3.52,0.13123391515705402,-0.17952908706937326
3.54,0.12720245354532392,-0.22351700782276582
3.56,0.12229851570346423,-0.26671097643943753
3.58,0.1165419139690915,-0.30871819014742596
3.6,0.10996027323291571,-0.3491509176794256
3.62,0.10258888445613795,-0.3876310162301432
3.64,0.09447046878613911,-0.4237943310341137
3.66,0.08565485520429805,-0.45729492057592486
3.68,0.0761985758607761,-0.4878090539800954
3.7,0.06616438415461534,-0.5150389310618361
3.72,0.055620701422217436,-0.5387160790703887
3.74,0.04464099905352012,-0.5586043843599562
3.76,0.033303125869489955,-0.5745027404780785
3.78,0.02168858351337643,-0.5862472496582276
3.8,0.009881764397146761,-0.5937129867664693
3.82,-0.0020308414918671497,-0.5968152941654588
3.84,-0.013961460925698027,-0.5955105997171307
3.86,-0.025821863322950427,-0.5897967538266399
3.88,-0.03752418858068969,-0.5797128877216278
3.9,-0.04898176723040369,-0.5653387983600497
3.92,-0.060109923818046876,-0.5467938839545866
3.94,-0.07082675491893257,-0.5242356428044782
3.96,-0.08105387230372432,-0.4978577504369052
3.98,-0.09071710422461943,-0.4678877646603726
4,-0.0997471471626449,-0.4345844806517061
4.02,-0.10808016151455593,-0.3982349764500945
4.04,-0.11565830543227215,-0.3591513898340239
4.06,-0.12243020187373602,-0.3176674700979674
4.08,-0.1283513339765136,-0.2741349487228204
4.1,-0.13338436906163997,-0.2289197829679912
4.12,-0.13749940377537884,-0.1823983059266231
4.14,-0.14067413264889317,-0.13495334183609414
4.16,-0.14289393225013985,-0.0869703380758099
4.18,-0.1441518409082638,-0.03883358363643191
4.2,-0.14444856626429292,0.00907756219348518
4.22,-0.14379244962565524,0.056392375750336135
4.24,-0.14219892582888757,0.10275179275700574
4.26,-0.1396906475283039,0.14781222913176734
4.28,-0.13629695782744478,0.19124825400268813
4.3,-0.13205338757126017,0.23275486807227413
4.32,-0.12700141752416264,0.2720506318008795
4.34,-0.12118781992621415,0.30887894315742725
4.36,-0.11466425786672638,0.3430101022314355
4.38,-0.10748672493855926,0.37424281092079226
4.4,-0.09971497733023757,0.4024053101010853
4.42,-0.09141189542112221,0.42735596064090836
4.44,-0.08264287939296938,0.44898360097263124
4.46,-0.07347524585670806,0.46720754598717973
4.48,-0.06397761965056833,0.48197737063505797
4.5,-0.05421934966101126,0.49327208287600666
4.52,-0.04426988587650394,0.5010998940496447
4.54,-0.034198258086958304,0.5054964101505419
4.56,-0.024072525885167437,0.5065233982660906
4.58,-0.01395928000699986,0.5042668665038419
4.6,-0.003923099969704337,0.49883619986301786
4.62,0.005973752376508967,0.49036089514110237
4.64,0.015671865657442677,0.4789896157447078
4.66,0.025114985610898786,0.4648876426618634
4.68,0.034250194092799384,0.44823383448486886
4.7,0.043028434671058616,0.4292197510978303
4.72,0.051404441942933254,0.4080460232673123
4.74,0.05933706913004255,0.38492064122642206
4.76,0.06678952729459237,0.3600571827234972
4.78,0.07372905450962584,0.333671482547245
4.8,0.08012748694561134,0.3059808065028753
4.82,0.08596091637561837,0.27720117590485366
4.84,0.09120952957982094,0.24754550591841304
4.86,0.09585815120737966,0.21722250380571267
4.88,0.0998953792991035,0.18643452981687014
4.9,0.10331383750433924,0.1553766325668163
4.92,0.10610995673918455,0.12423553761993786
4.94,0.1082838986705695,0.09318854833683313
4.96,0.10983918384607398,0.06240257412630068
4.98,0.11078265675949958,0.03203364978288949
5,0.11112418548592709,0.002226483098781845
5.02,0.11087628264303592,-0.02688576583581806
5.04,0.11005416697144244,-0.05518155046431121
5.06,0.10867523355264856,-0.08255078309643725
5.08,0.10675897481872483,-0.10889473856905435
5.1,0.1043268987622266,-0.1341258406545398
5.12,0.10140197417965466,-0.15816691009018458
5.14,0.0980087104570509,-0.18095080111938433
5.16,0.09417282412831732,-0.20241985578237556
5.18,0.08992108337397967,-0.22252531518816177
5.2,0.08528122629274519,-0.24122642445484604
5.22,0.08028165783069204,-0.25848990364722796
5.24,0.07495141673746344,-0.2742891294484884
5.26,0.06932004397438646,-0.2886033786614953
5.28,0.06341733735681704,-0.30141710298482294
5.3,0.05727344434645652,-0.31271938045088815
5.32,0.05091867359970748,-0.32250329217608253
5.34,0.044383448415798527,-0.33076538117401894
5.36,0.03769821123456134,-0.33750503880423655
5.38,0.03089339446767324,-0.34272428093610896
5.4,0.02399936738197352,-0.3464273908324495
5.42,0.017046392248093425,-0.34862061862654153
5.44,0.01006457775665963,-0.34931191280767604
5.46,0.003083871132758595,-0.3485111037622338
5.48,-0.0038659997830440534,-0.346229869103975
5.5,-0.010755554024802471,-0.34248172783514547
5.52,-0.01755560124439228,-0.33728214095069986
5.54,-0.024237286728673566,-0.33064898828590106
5.56,-0.030772144942371443,-0.32260274879191403
5.58,-0.03713214355129195,-0.3131667892122859
5.6,-0.04328974430172954,-0.30236772903596254
5.62,-0.049217991983836785,-0.290236018750625
5.64,-0.05489056116196607,-0.2768061266352936
5.66,-0.06028187267580185,-0.26211715420125936
5.68,-0.06536718260946991,-0.24621323182275187
5.7,-0.07012266084858385,-0.22914380616337524
5.72,-0.07452555889293927,-0.21096415572685892
5.74,-0.07855426521420715,-0.1917355958631499
5.76,-0.08218845899703267,-0.17152578888118003
5.78,-0.0854092699757486,-0.1504089235927915
5.8,-0.08819932557286574,-0.12846591430082172
5.82,-0.09054298634557882,-0.10578427898331294
5.84,-0.09242641444072183,-0.08245830139615845
5.86,-0.09383769313910573,-0.05858890308897507
5.88,-0.09476705052378251,-0.034282997843226436
5.9,-0.09520685206070235,-0.00965389500536784
5.92,-0.09515181219218768,0.015179743263457446
5.94,-0.0945990952636055,0.040094444672829105
5.96,-0.09354832159646967,0.06496155726338236
5.98,-0.0920017769184785,0.08964940299942632
6,-0.08996438569345672,0.11402322522443051
6.02,-0.08744378447655571,0.13794626473574884
6.04,-0.08445039925346987,0.16128055690402285
6.06,-0.08099737944752522,0.18388793654665148
6.08,-0.07710062350411209,0.2056311762112608
6.1,-0.07277875831316082,0.2263750046331183
6.12,-0.06805311925064969,0.2459871527598746
6.14,-0.06294759829439589,0.2643397756307842
6.16,-0.05748864603343437,0.2813102012791812
6.18,-0.05170509439516174,0.29678227407909813
6.2,-0.045627977716041865,0.3106474706964333
6.22,-0.03929049926743354,0.3228056222493426
6.24,-0.03272767536090275,0.33316629831797695
6.26,-0.02597628061996387,0.3416494794677529
6.28,-0.019074616714900305,0.34818640758787883
6.3,-0.012062115976588168,0.35272057466492834
6.32,-0.004979367652331694,0.35520809509547535
6.34,0.0021323896617336142,0.35561848643221305
6.36,0.009231474310466704,0.35393507745694863
6.38,0.016275848387608295,0.3501552861232572
6.4,0.02322379904812977,0.34429078898820303
6.42,0.030033805995380917,0.33636780164039176
6.44,0.036665034695392396,0.3264269139092962
6.46,0.04307779822325761,0.3145226554997054
6.48,0.04923331343674349,0.30072399073675826
6.5,0.05509461064024133,0.2851127332410871
6.52,0.06062639168083454,0.26778394678642126
6.54,0.0657951866901772,0.2488454520922569
6.56,0.07057020651917204,0.22841525105825
6.58,0.07492271648704789,0.20662355469523364
6.6,0.07882687375730935,0.183609395050998
6.62,0.08225987603558876,0.1595196234631005
6.64,0.08520147150199976,0.13451114579972342
6.66,0.08763503166039904,0.10874470899680902
6.68,0.089547059319411,0.0823867937281595
6.7,0.09092741914135727,0.055607561082402335
6.72,0.09176950844514092,0.02857941493392242
6.74,0.0920699948047852,0.0014766883715227608
6.76,0.09182914925481744,-0.02552689471048095
6.78,0.09105069907380395,-0.05225894955199272
6.8,0.08974166779126963,-0.07854921524763513
6.82,0.08791263820746244,-0.10423248844027419
6.84,0.08557733206247962,-0.1291482886664024
6.86,0.0827526732468926,-0.15314277591327727
6.88,0.07945862163164133,-0.1760696127773305
6.9,0.07571785409380205,-0.19779033599727447
6.92,0.07155583731843002,-0.21817638724271413
6.94,0.06700045925509267,-0.2371090856789394
6.96,0.06208182776358873,-0.2544804539372439
6.98,0.05683222840115236,-0.2701950153101035
7,0.051285631679111265,-0.28416864092521577
7.02,0.04547758880715436,-0.2963299043030321
7.04,0.03944493895893344,-0.30662016076733517
7.06,0.0332255752893935,-0.3149940104049309
7.08,0.02685816785320938,-0.3214191546620906
7.1,0.02038191046430568,-0.3258765819522903
7.12,0.013836244107421897,-0.32836033463807623
7.14,0.007260599481548885,-0.3288773615344651
7.16,6.941393861043495e-4,-0.32744722088351874
7.18,-0.00582449391750882,-0.32410162942258186
7.2,-0.012257405759794206,-0.3188840461831801
7.22,-0.018567689073019932,-0.3118491517096438
7.24,-0.024719636368059014,-0.30306219803272594
7.26,-0.030678938561694957,-0.29259834549833197
7.28,-0.03641288760817262,-0.28054197559711425
7.3,-0.04189055057284316,-0.2669858815966816
7.32,-0.04708291947767755,-0.25203045211466113
7.34,-0.05196307021155283,-0.23578286795325804
7.36,-0.05650628718596589,-0.21835621327911797
7.38,-0.06069015699930194,-0.19986860273758664
7.4,-0.06449467861116508,-0.1804423206305232
7.42,-0.06790233605537352,-0.16020292648194745
7.44,-0.07089813748914796,-0.13927839629233324
7.46,-0.07346967349361752,-0.11779826889604778
7.48,-0.07560714130994634,-0.09589279656715069
7.5,-0.07730333079677254,-0.07369216513012417
7.52,-0.07855363299456913,-0.05132570271387337
7.54,-0.07935601945410807,-0.02892111791828441
7.56,-0.07971098125232136,-0.006603848230880567
7.58,-0.0796214930195105,0.015503627906524754
7.6,-0.07909295333899827,0.03728243525976023
7.62,-0.07813308617062746,0.0586177987881885
7.64,-0.07675186717847608,0.07939960132917673
7.66,-0.07496143269399158,0.09952289543450038
7.68,-0.07277595330175927,0.11888823761396497
7.7,-0.07021153079107628,0.13740210380307977
7.72,-0.06728608318248999,0.1549772659690366
7.74,-0.06401920050517214,0.17153297054686656
7.76,-0.060432021084147844,0.186995213667362
7.78,-0.05654709992028656,0.20129698862608364
7.8,-0.05238825603308844,0.2143783267424586
7.82,-0.047980436721114975,0.22618645027232853
7.84,-0.04334957507975176,0.23667589171458475
7.86,-0.038522437952661547,0.24580843531470437
7.88,-0.033526484345789774,0.25355315857373534
7.9,-0.028389719237900738,0.25988644345602185
7.92,-0.023140547340850328,0.26479184396318856
7.94,-0.01780763185511796,0.26826003553694233
7.96,-0.012419750385142335,0.27028873982611884
7.98,-0.007005658228711031,0.27088253870448037
8,-0.0015939525202848328,0.27005275090568703
8.02,0.0037870651862191005,0.26781729020553446
8.04,0.009109513459435808,0.2642004404489321
8.06,0.014346057485426483,0.25923267552287665
8.08,0.01947003633313933,0.2529504667650952
8.1,0.024455573363644536,0.24539602717917952
8.12,0.029277690227680127,0.2366170861992428
8.14,0.03391242128103984,0.22666665690317153
8.16,0.03833690820893745,0.21560275204475315
8.18,0.04252949894062325,0.2034881201408224
8.2,0.046469846982093985,0.19038997794188472
8.22,0.050138988644427486,0.17637969708443163
8.24,0.05351942455542934,0.16153250402067348
8.26,0.05659520186946943,0.14592717923842202
8.28,0.05935197236843345,0.12964571183396026
8.3,0.06177705432123015,0.11277296362317357
8.32,0.06385949554072304,0.09539633457989871
8.34,0.06559011049557513,0.07760538363164293
8.36,0.06696152027246197,0.05949145743592775
8.38,0.06796819440972944,0.04114732181990359
8.4,0.06860646515996716,0.02266675032466859
8.42,0.06887454339169181,0.004144120674046499
8.44,0.06877253718169303,-0.014325985394651634
8.46,0.06830244161058084,-0.03264921948000596
8.48,0.0674681287409957,-0.05073189475567889
8.5,0.06627534122237627,-0.06848141090069504
8.52,0.06473165655137993,-0.08580670538320669
8.54,0.06284644988877341,-0.10261869296019921
8.56,0.0606308615122378,-0.11883070297126877
8.58,0.05809773534205728,-0.13435892716677114
8.6,0.05526155436129322,-0.149122850905055
8.62,0.05213838168244443,-0.16304568473026834
8.64,0.04874577428240918,-0.17605478698835986
8.66,0.04510269215811134,-0.1880820618890735
8.68,0.04122941402878873,-0.19906436248752912
8.7,0.037147428552703435,-0.2089438637569283
8.72,0.032879320003010276,-0.21766839931414436
8.74,0.028448661127160338,-0.22519180992509596
8.76,0.023879885507575513,-0.23147424239635145
8.78,0.01919815433991344,-0.2364823961366982
8.8,0.014429230582534487,-0.24018979080514818
8.82,0.009599337434946719,-0.242576968519921
8.84,0.004735012558580099,-0.2436316240453052
8.86,-1.37030793009244e-4,-0.24334876757619506
8.88,-0.004990053107354039,-0.24173081221239368
8.9,-0.009797439096179788,-0.23878756750413405
8.92,-0.014532842567742515,-0.23453627862446963
8.94,-0.019170336736004996,-0.2290015874199321
8.96,-0.023684560484740783,-0.2222153779627937
8.98,-0.02805086129862755,-0.21421668113427716
9,-0.03224543936295971,-0.20505150523599902
9.02,-0.036245480228701124,-0.19477253332094946
9.04,-0.0400292874656377,-0.1834388917999536
9.06,-0.04357641347505836,-0.1711158548597443
9.08,-0.04686776944379943,-0.15787440559946225
9.1,-0.049885739609110885,-0.14379087774198018
9.12,-0.052614292270281686,-0.12894654620375068
9.14,-0.05503905895477754,-0.1134270761828769
9.16,-0.05714742305368587,-0.0973220573410179
9.18,-0.058928605494119504,-0.08072450011424508
9.2,-0.060373706725509804,-0.06373020740283064
9.22,-0.06147576435043038,-0.04643723051023407
9.24,-0.06222980843821273,-0.02894529483545689
9.26,-0.06263286287746037,-0.011355138690551958
9.28,-0.06268396935323281,0.0062320739765752906
9.3,-0.06238420659381885,0.02371537023785722
9.32,-0.0617366530241402,0.040994612678260524
9.34,-0.060746374238813794,0.05797109550968049
9.36,-0.05942040507469478,0.0745481637026115
9.38,-0.057767675873399746,0.09063180040037634
9.4,-0.05579896402779265,0.10613119232558446
9.42,-0.05352683993690226,0.1209593118523739
9.44,-0.05096556144344694,0.13503341149674414
9.46,-0.048130992411250836,0.1482755210408665
9.48,-0.04504051592443095,0.16061295572143133
9.5,-0.04171290335507491,0.17197868914130318
9.52,-0.03816820510745589,0.1823117495515259
9.54,-0.03442763648012944,0.19155762290258155
9.56,-0.030513429206725402,0.19966848461101927
9.58,-0.026448701305797177,0.20660347001216767
9.6,-0.022257322676185916,0.21232894889509105
9.62,-0.017963757757812872,0.2168186066662921
9.64,-0.013592922715501568,0.22005357339697015
9.66,-0.009170038967502335,0.22202255588729664
9.68,-0.004720475805800292,0.22272176898882992
9.7,-2.6960382804601564e-4,0.22215491804748483
9.72,0.004157354862088069,0.22033318465862672
9.74,0.008535475628412382,0.2172750183965965
9.76,0.012840272661675176,0.21300597787321873
9.78,0.017047843436765794,0.2075585762773321
9.8,0.02113500173979573,0.20097195181407296
9.82,0.025079405431737208,0.19329158217679937
9.84,0.028859687532865316,0.18456900491166423
9.86,0.032455567076216316,0.17486139099070697
9.88,0.035847956010909614,0.1642311554807035
9.9,0.03901907001711363,0.15274557508139577
9.92,0.041952512549883685,0.14047629317163612
9.94,0.04463335517836046,0.12749885529753963
9.96,0.04704822274889921,0.11389225144821247
9.98,0.049185347716671435,0.09973838257661875
10,0.05103462007630451,0.08512155290561346
10.02,0.052587643252392485,0.07012796740079953
10.04,0.05383775756151525,0.05484518933258478
10.06,0.054780057895371465,0.0393616222471034
10.08,0.055411418586132535,0.023765993672437487
10.1,0.055730486484672936,0.008146831069334639
10.12,0.055737666558042784,-0.007408035196378783
10.14,0.05543511581737169,-0.022811972417308406
10.16,0.054826707949048675,-0.037980027442785766
10.18,0.053917988848602064,-0.05282937487502709
10.2,0.05271614139344549,-0.06727977569841469
10.22,0.05122992476029651,-0.0812539977518198
10.24,0.04946960352666724,-0.09467819226866103
10.26,0.04744688652699495,-0.10748228894939235
10.28,0.045174844897957145,-0.11960034066546822
10.3,0.042667819658259075,-0.13097081145768946
10.32,0.039941339041397204,-0.14153689179174903
10.34,0.03701201992291531,-0.15124675812352503
10.36,0.03389745969486789,-0.16005376177841724
10.38,0.03061613728872309,-0.16791665378192588
10.4,0.027187302968636248,-0.17479975460245578
10.42,0.023630860837667536,-0.18067303950821778
10.44,0.01996725924520829,-0.1855122678790035
10.46,0.016217374007219367,-0.18929906261511775
10.48,0.012402388034007334,-0.19202089320953708
10.5,0.008543676976124652,-0.193671109493613
10.52,0.004662690794967643,-0.19424893372773466
10.54,7.80836824760409e-4,-0.19375934746843315
10.56,-0.0030806336161435144,-0.1922130340641427
10.58,-0.0069007406903464725,-0.18962628928042669
10.6,-0.010658883688465615,-0.1860208219551782
10.62,-0.01433494809481774,-0.18142361313922944
10.64,-0.01790941391367438,-0.1758667532804007
10.66,-0.0213634487763658,-0.16938716923820513
10.68,-0.024679004244706048,-0.16202641275822122
10.7,-0.02783891264689484,-0.15383042980784173
10.72,-0.03082696189903003,-0.14484923292922833
10.74,-0.03362797722748832,-0.13513663046481536
10.76,-0.03622790230260056,-0.12474993779012476
10.78,-0.038613853571921146,-0.11374961314842835
10.8,-0.040774183881809214,-0.10219893977366733
10.82,-0.042698544899438445,-0.0901636933066629
10.84,-0.044377919303774035,-0.07771175604378555
10.86,-0.04580466383008243,-0.06491276690199599
10.88,-0.04697255079315869,-0.051837759711320645
10.9,-0.04787677737579683,-0.03855877084186951
10.92,-0.04851398654681743,-0.02514847257346582
10.94,-0.048882286390802984,-0.011679797364867558
10.96,-0.04898123591021543,0.001774446105642184
10.98,-0.048811825899597906,0.015141933691986994
11,-0.04837649608598228,0.028351208936672187
11.02,-0.04767911332968155,0.04133204914400451
11.04,-0.04672492056651197,0.054015783836120664
11.06,-0.04552059470176942,0.06633574107972776
11.08,-0.044074152535507595,0.07822753304176001
11.1,-0.042394560725812686,0.08962911564346865
11.12,-0.04049236012049713,0.10048167707336543
11.14,-0.03837916031608189,0.11072956374710567
11.16,-0.03606740602931939,0.12032020050565653
11.18,-0.03357087913093117,0.12920535368357036
11.2,-0.03090413739770033,0.13734045464262354
11.22,-0.028082475719173203,0.14468487252820825
11.24,-0.025122197745054333,0.15120306993883478
11.26,-0.02204007009978643,0.15686334108905847
11.28,-0.018853537501128618,0.16163911818638882
11.3,-0.015580555931197046,0.16550877206464018
11.32,-0.012239353871416253,0.16845506219673856
11.34,-0.008848580823512456,0.17046655074629902
11.36,-0.005426965369410189,0.17153609528497668
11.38,-0.001993394763248189,0.17166233782080997
11.4,0.0014332854252251254,0.170848800245837
11.42,0.004834361269005496,0.16910400027688036
11.44,0.008191314843839814,0.16644194091303938
11.46,0.011485992260103965,0.16288045958084427
11.48,0.014700644819967865,0.15844317193118962
11.5,0.017818021464438925,0.15315800157734133
11.52,0.02082148788568887,0.14705753582163006
11.54,0.023695110895798698,0.14017876853226263
11.56,0.026423718954572704,0.13256272695711915
11.58,0.028993027381956367,0.12425460860319021
11.6,0.03138964411192622,0.11530275893849162
11.62,0.033601236311598906,0.105759377101737
11.64,0.03561647824758136,0.09567923482872928
11.66,0.03742524909032602,0.08512020081977617
11.68,0.03901852253933803,0.0741423961709596
11.7,0.04038859154732109,0.06280821514364941
11.72,0.041528932147836956,0.05118171671398538
11.74,0.042434377375405855,0.03932851759448715
11.76,0.04310104959707251,0.02731517116498918
11.78,0.04352640927545879,0.015208870791826748
11.8,0.043709290629044426,0.0030771454364264626
11.82,0.04364982553527115,-0.00901277116735643
11.84,0.043349560287132105,-0.02099402528576624
11.86,0.042811280030215726,-0.03280066621322279
11.88,0.0420391823301293,-0.04436802056226884
11.9,0.041038629231998074,-0.05563284448619223
11.92,0.0398163483826523,-0.06653394884640086
11.94,0.038380147011183446,-0.07701230246222399
11.96,0.03673909982169664,-0.08701154286757672
11.98,0.034903294913343624,-0.09647819039121318
12,0.03288390744289729,-0.10536205661044235
12.02,0.030693065968806492,-0.11361640126042
12.04,0.028343784383994427,-0.12119825834633882
12.06,0.025849931301536525,-0.12806869579841046
12.08,0.023226062793453406,-0.1341927574100854
12.1,0.020487448705408473,-0.13954010152606683
12.12,0.017649860237002275,-0.14408453934030407
12.14,0.014729605164524266,-0.1478048586046158
12.16,0.011743313674566762,-0.15068424770876604
12.18,0.008707953635956384,-0.15271106522820896
12.2,0.005640635102552034,-0.15387816859337794
12.22,0.0025585941593913018,-0.15418369536115312
12.24,-5.2096106648335e-4,-0.1536303345109857
12.26,-0.003580922810704477,-0.1522257851992373
12.28,-0.0066043801850084105,-0.14998245134156174
12.3,-0.009574722814505228,-0.14691727352391867
12.32,-0.012475724995854927,-0.14305192854803622
12.34,-0.015291628544967982,-0.13841220330947196
12.36,-0.01800725392734974,-0.1330284038632554
12.38,-0.02060803597350529,-0.12693455623625102
12.4,-0.023080170151809187,-0.12016883720044494
12.42,-0.025410599836890594,-0.11277263230347513
12.44,-0.027587190475129295,-0.10479103003129661
12.46,-0.029598673784827122,-0.0962717660056751
12.48,-0.03143482980069764,-0.08726562353418237
12.5,-0.03308642972476217,-0.07782562434028449
12.52,-0.03454535216360517,-0.06800695130920567
12.54,-0.035804597762579674,-0.05786661035125509
12.56,-0.03685829660872819,-0.04746299544007557
12.58,-0.037701804951403725,-0.03685571111079759
12.6,-0.038331614113439806,-0.026105057690441066
12.62,-0.03874550618043146,-0.015271860634615476
12.64,-0.038942389669584784,-0.004416930430629575
12.66,-0.03892249028332356,0.006399098417528803
12.68,-0.03868713016593036,0.01711626901245196
12.7,-0.03823893502267953,0.027675548798434507
12.72,-0.037581595978729856,0.03801914150044881
12.74,-0.03672002492574048,0.04809090078397048
12.76,-0.03566019049763644,0.05783649440417431
12.78,-0.034409138660465646,0.06720379064473808
12.8,-0.03297494878338188,0.07614311600452567
12.82,-0.03136663194038416,0.0846074427041133
12.84,-0.029594161341757956,0.09255279704799191
12.86,-0.027668297829925616,0.09993825036215168
12.88,-0.025600656277547686,0.10672644224037786
12.9,-0.02340349055750126,0.11288335570494473
12.92,-0.02108977092996194,0.11837899214320413
12.94,-0.01867295890866384,0.12318688618771031
12.96,-0.016167064960477838,0.12728490992214364
12.98,-0.013586458484500059,0.13065470108312652
13,-0.010945858491096052,0.1332822697537318
13.02,-0.008260213891578577,0.13515770449585499
13.04,-0.005544627616911488,0.13627532874177828
13.06,-0.00281428236413249,0.13663376617475914
13.08,-8.433690240924386e-5,0.13623569799010163
13.1,0.0026301366297979563,0.13508817633026232
13.12,0.0053142532458911465,0.13320206783057856
13.14,0.007953387742839359,0.13059255734753014
13.16,0.010533247031450706,0.12727835179843466
13.18,0.013039971783391904,0.12328227949866205
13.2,0.015460163136080528,0.11863039671226569
13.22,0.01778101611805199,0.11335252001946314
13.24,0.019990318425406873,0.10748146489349286
13.26,0.022076571240343977,0.1010532356122113
13.28,0.02402901036122973,0.09410660735257351
13.3,0.025837672705596164,0.0866829305030562
13.32,0.027493461852092234,0.07882598609433708
13.34,0.02898814857625817,0.0705815209560211
13.36,0.030314482738884842,0.061997267756187566
13.38,0.03146612561008788,0.053122344024537235
13.4,0.03243780624866421,0.04400730993021698
13.42,0.033225192388481616,0.03470357605977742
13.44,0.03382507706721623,0.025263384124167215
13.46,0.03423520852939905,0.015739308164803907
13.48,0.0344544765434423,0.006184123710177486
13.5,0.034482759407172534,-0.0033495782266163916
13.52,0.034321020542645464,-0.012809636147218374
13.54,0.033971249796152854,-0.022144598764899496
13.56,0.033436443653668435,-0.031304019098418984
13.58,0.03272062911798712,-0.04023871099466029
13.6,0.03182875138518132,-0.04890098630555613
13.62,0.030766755489145616,-0.057244978682571064
13.64,0.029541411459371565,-0.06522673573953398
13.66,0.028160423183503654,-0.07280466164337862
13.68,0.026632224123747335,-0.07993944489866071
13.7,0.02496608418927939,-0.08659459685496267
13.72,0.02317190444779848,-0.09273625866873833
13.74,0.02126029315508557,-0.09833375243007064
13.76,0.01924240258446118,-0.10335940262986185
13.78,0.017129921706814932,-0.10778888824759743
13.8,0.014934994042489751,-0.11160126748534956
13.82,0.012670132358240362,-0.11477902826403455
13.84,0.010348186285723279,-0.11730833823073855
13.86,0.00798222028487039,-0.119178803478207
13.88,0.005585495266779688,-0.12038390917045518
13.9,0.00317134401725626,-0.12092054720720227
13.92,7.531421004098963e-4,-0.12078956951800068
13.94,-0.0016557996248486662,-0.11999516364086887
13.96,-0.004042284907418725,-0.11854543785684674
13.98,-0.0063933138673134965,-0.11645174872230374
14,-0.008696155150292078,-0.11372916118734225
14.02,-0.010938404268056116,-0.11039594749421977
14.04,-0.013108061808329824,-0.10647368360943091
14.06,-0.015193589845128218,-0.10198708749312085
14.08,-0.017183968183874805,-0.09696374287602097
14.1,-0.01906877262900497,-0.09143418188263044
14.12,-0.020838189397739182,-0.08543137090437704
14.14,-0.02248312508341768,-0.07899091164141046
14.16,-0.02399517475737847,-0.07215040775989359
14.18,-0.025366760586333578,-0.06494969144936408
14.2,-0.026591057403644876,-0.057430153478613244
14.22,-0.027662149575430794,-0.04963492618937046
14.24,-0.028574936245446447,-0.04160828202865603
14.26,-0.029325262340678806,-0.033395645230109544
14.28,-0.029909859565363225,-0.025043187643801958
14.3,-0.030326396493196454,-0.016597618268023976
14.32,-0.03057349173781952,-0.008105952872933581
14.34,-0.03065067374492972,3.848130124385861e-4
14.36,-0.030558455171133078,0.00882788418561474
14.38,-0.030298221255206308,0.01717699043413081
14.4,-0.029872344352576387,0.025386597351611022
14.42,-0.02928402203757225,0.03341215910552734
14.44,-0.028537411973132216,0.04121040154659435
14.46,-0.02763743932903347,0.04873946061728961
14.48,-0.02658992907115161,0.05595925087928173
14.5,-0.025401426068462702,0.06283150780029492
14.52,-0.024079260176731926,0.06932015443272385
14.54,-0.0226314423435737,0.07539136774073621
14.56,-0.021066632517340998,0.08101380780042788
14.58,-0.019394109931435047,0.08615881143717428
14.6,-0.017623669844386968,0.09080041721607401
14.62,-0.015765634961773387,0.09491570731164527
14.64,-0.01383071522241211,0.09848462391537963
14.66,-0.01183003286459391,0.10149044307276817
14.68,-0.009774971831464054,0.10391940258106049
14.7,-0.007677195846668831,0.10576127455807487
14.72,-0.005548508365532619,0.10700884412146933
14.74,-0.0034008476508928056,0.10765850734994262
14.76,-0.0012461775983121511,0.10770977073042623
14.78,9.035576674327928e-4,0.10716559221177882
14.8,0.0030365042084493175,0.10603216711073818
14.82,0.0051409676667969,0.10431889293544941
14.84,0.007205471658366221,0.1020384317028364
14.86,0.009218821598239118,0.09920636987796447
14.88,0.011170172856149362,0.09584146840883613
14.9,0.013049069445500966,0.09196511348287266
14.92,0.01484553397768298,0.08760166565857898
14.94,0.016550070742310012,0.08277779430824721
14.96,0.01815378103005013,0.07752284178030519
14.98,0.01964832973530979,0.07186813114210909
15,0.021026075536074735,0.0658472515972082
15,0.021026075536074735,0.0658472515972082
